,train_acc,val_acc,test_acc
MUTAG,0.7733333333333333,0.7631578947368421,0.7631578947368421
BZR,0.7870370370370371,0.7901234567901234,0.7901234567901234
COX2,0.7828418230563002,0.776595744680851,0.776595744680851
DHFR,0.609271523178808,0.6118421052631579,0.6118421052631579
PTC_MR,0.5672727272727273,0.5652173913043478,0.5652173913043478
AIDS,0.97375,0.99,0.99
NCI1,0.62625,0.595,0.595
