,#graphs_train,avgNodes_train,avgEdges_train,#graphs_test,avgNodes_test,avgEdges_test
MUTAG,150.0,17.953333333333333,19.793333333333333,38.0,17.842105263157894,19.789473684210527
BZR,324.0,35.867283950617285,38.47839506172839,81.0,35.28395061728395,37.876543209876544
COX2,373.0,41.13941018766756,43.36461126005362,94.0,41.56382978723404,43.765957446808514
DHFR,604.0,42.432119205298015,44.54801324503311,152.0,42.4078947368421,44.5328947368421
PTC_MR,275.0,14.192727272727273,14.592727272727272,69.0,14.666666666666666,15.08695652173913
AIDS,640.0,15.4125,15.9109375,160.0,15.95,16.5125
NCI1,640.0,29.353125,31.7265625,160.0,30.0125,32.5375
